user_id,base_completed,base_time,base_retention,sim_completed,sim_time,sim_retention
0,0.5,1109.1,0.0873,1.0,1014.39,0.32737499999999997
1,0.625,1066.8,0.08624000000000001,0.875,996.15,0.3234
2,0.875,709.3,0.10577142857142859,0.875,670.46,0.39664285714285713
3,0.375,1386.0,0.08040000000000001,0.75,1262.3500000000001,0.26625
4,0.375,862.9,0.1328,1.0,786.12,0.498
5,0.875,1277.7,0.05425714285714286,0.875,1204.24,0.2034642857142857
6,0.625,881.1,0.12168000000000001,0.75,802.2,0.4288125
7,0.375,1310.3,0.07313333333333334,0.75,1200.71,0.25875000000000004
8,0.625,977.1,0.05676000000000001,0.875,906.6800000000001,0.21284999999999998
9,0.5,1077.4,0.0821,1.0,988.4200000000001,0.307875
10,0.125,970.4,0.1466,0.625,878.6800000000001,0.54975
11,0.5,1272.2,0.045200000000000004,0.75,1171.91,0.19250000000000003
12,0.5,1035.8,0.08435000000000001,0.75,952.64,0.3163125
13,0.5,1182.1,0.06970000000000001,0.625,1083.1,0.24825
14,0.375,1376.0,0.061,0.375,1271.55,0.21075000000000002
15,0.875,668.7,0.09845714285714287,0.875,641.63,0.3692142857142858
16,0.625,1262.4,0.051039999999999995,0.75,1187.83,0.19140000000000001
17,0.75,888.7,0.09723333333333334,0.875,842.85,0.364625
18,0.625,1214.7,0.07104,0.75,1125.4,0.2630625
19,0.625,1144.2,0.06612,0.75,1066.03,0.22462500000000002
20,0.5,1204.9,0.06895000000000001,0.625,1114.91,0.25856250000000003
21,0.25,1119.1,0.11520000000000001,0.875,1014.1,0.432
22,0.75,993.7,0.05996666666666667,1.0,951.98,0.22487500000000002
23,0.75,1094.8,0.0848,0.875,1012.6800000000001,0.30300000000000005
24,0.75,837.2,0.09053333333333334,0.75,791.44,0.33949999999999997
25,0.875,858.9,0.0848857142857143,0.875,819.73,0.29675
26,0.75,756.1,0.1059,0.875,704.76,0.39712499999999995
27,0.25,1128.5,0.0531,0.5,1029.71,0.05399999999999999
28,0.5,1223.0,0.0559,0.5,1118.44,0.19274999999999998
29,0.375,1406.7,0.061200000000000004,0.75,1272.31,0.2295
30,0.625,1341.1000000000001,0.07188,0.625,1249.51,0.22631249999999997
31,0.375,1327.3,0.07053333333333334,0.5,1212.97,0.201
32,0.375,1328.3,0.08620000000000001,0.625,1203.44,0.3255
33,0.75,1358.3,0.04700000000000001,0.875,1269.69,0.1863
34,0.375,1649.9,0.06380000000000001,0.625,1499.3600000000001,0.231375
35,0.375,1049.8,0.09493333333333333,0.625,975.4100000000001,0.35600000000000004
36,0.5,976.6,0.09435000000000002,0.875,900.33,0.35381250000000003
37,0.875,569.8,0.14745714285714287,1.0,532.6,0.5529642857142857
38,0.25,1478.1,0.068,0.625,1349.86,0.255
39,0.5,1754.5,0.055200000000000006,0.875,1615.46,0.19025
40,0.5,1606.0,0.057800000000000004,0.625,1460.17,0.19425
41,0.625,1315.2,0.06764,0.75,1200.8,0.25365000000000004
42,0.625,836.9,0.11708,0.875,764.59,0.4625625
43,0.625,1343.8,0.04820000000000001,0.375,1237.52,0.16125
44,0.375,1337.1,0.09266666666666667,0.875,1203.39,0.318
45,0.75,894.4,0.0927,0.875,833.47,0.347625
46,0.25,1558.3,0.061700000000000005,0.375,1407.39,0.33975
47,0.625,1101.3999999999999,0.10248000000000002,0.875,996.74,0.40875
48,0.625,975.1,0.12027999999999998,1.0,893.5899999999999,0.45104999999999995
49,0.5,1494.7,0.0655,0.625,1376.6,0.24562499999999998
50,0.125,1307.0,0.11220000000000002,0.75,1181.01,0.42075000000000007
51,0.75,966.0,0.0909,0.875,917.5699999999999,0.34087500000000004
52,0.5,1385.0,0.0718,0.75,1264.95,0.26925
53,0.5,1466.0,0.07495,0.5,1336.92,0.28925
54,0.75,760.2,0.10703333333333333,0.875,716.55,0.401375
55,1.0,1020.4000000000001,0.0625,1.0,984.6500000000001,0.234375
56,0.875,1193.5,0.057,0.625,1091.33,0.189
57,0.75,889.7,0.10006666666666668,1.0,831.55,0.37525000000000003
58,0.375,1080.8,0.08920000000000002,0.625,999.98,0.3345
59,0.375,1088.4,0.10466666666666667,1.0,1004.46,0.3925
60,0.5,1500.7,0.057,0.625,1385.76,0.1515
61,0.5,809.4,0.09585,0.875,750.71,0.3594375
62,0.5,1270.3,0.09895000000000001,0.75,1148.19,0.3710625
63,0.5,871.5,0.08750000000000001,0.625,823.3,0.3295
64,0.25,1954.9,0.0477,0.375,1759.41,0.26849999999999996
65,0.625,835.9,0.08632000000000001,0.625,779.33,0.32475000000000004
66,0.625,1159.3,0.08828,0.75,1065.76,0.349875
67,1.0,526.9,0.15712500000000001,0.875,318.45,0.5805
68,0.5,1307.6,0.07105,0.625,1208.41,0.2664375
69,0.75,1134.1,0.05086666666666667,0.875,1069.98,0.19075
70,0.625,817.6,0.09115999999999999,1.0,761.79,0.34185
71,0.875,1475.9,0.053885714285714294,0.75,1368.17,0.19605
72,0.375,1582.8,0.09006666666666667,0.75,1442.08,0.35662499999999997
73,0.875,750.4,0.08117142857142857,0.875,731.02,0.30439285714285713
74,0.625,1175.4,0.07804000000000001,0.875,1083.13,0.29265
75,0.625,1311.7,0.05124000000000001,0.625,1219.99,0.19215
76,0.5,937.9,0.12890000000000001,1.0,853.46,0.483375
77,0.5,911.0,0.12835000000000002,1.0,827.6400000000001,0.48131250000000003
78,0.75,817.6999999999999,0.08073333333333334,0.875,777.5,0.30275
79,0.625,1246.9,0.05688000000000001,0.625,1153.71,0.20418750000000002
80,0.75,1400.2,0.04906666666666667,0.75,1305.39,0.19260000000000002
81,0.5,1354.3,0.05455,0.75,1252.02,0.2045625
82,0.875,792.2,0.09274285714285714,0.625,744.44,0.32520000000000004
83,0.5,1387.2,0.07555,0.75,1280.41,0.28525
84,0.5,1583.1,0.0548,0.375,1452.43,0.264375
85,0.5,1024.7,0.0883,1.0,942.96,0.331125
86,0.5,1195.7,0.09025000000000001,1.0,1101.0700000000002,0.3384375
87,0.375,997.8000000000001,0.09033333333333333,0.75,916.36,0.33874999999999994
88,0.5,957.7,0.10705,0.75,891.84,0.4014375
89,0.375,1554.4,0.04886666666666667,0.75,1404.97,0.18325
90,0.625,1167.0,0.07552,0.625,1079.59,0.2784375
91,0.375,1665.7,0.06733333333333334,0.625,1511.4,0.25275000000000003
92,0.625,886.6999999999999,0.08248000000000001,1.0,834.16,0.3093
93,0.5,1174.9,0.069,0.625,1089.04,0.2725
94,0.5,1091.6,0.09865,0.75,997.77,0.3705
95,0.625,790.0,0.10212000000000002,0.875,745.4,0.38295
96,0.5,987.4,0.09275,0.875,909.83,0.34781249999999997
97,0.75,1349.6,0.05786666666666667,1.0,1244.58,0.217
98,0.625,975.3000000000001,0.07036,0.75,913.1800000000001,0.24993749999999998
99,0.5,1106.1,0.07685,0.5,1029.68,0.3085
100,0.75,1299.4,0.07856666666666667,0.75,1175.8500000000001,0.28612499999999996
101,0.625,963.8000000000001,0.09472,1.0,887.5600000000001,0.3552
102,0.375,1630.4,0.05653333333333333,0.5,1485.8700000000001,0.21199999999999997
103,0.75,1235.7,0.07223333333333333,0.75,1132.14,0.2772
104,0.875,865.2,0.0740857142857143,0.75,835.12,0.27225000000000005
105,0.25,1518.6,0.07210000000000001,0.5,1373.2,0.27037500000000003
106,0.375,1346.7,0.055733333333333336,0.625,1256.77,0.209
107,0.625,850.2,0.08412,0.875,801.52,0.31544999999999995
108,0.5,1184.1000000000001,0.09300000000000001,0.625,1094.51,0.336
109,0.75,1004.7,0.08036666666666667,0.875,946.1500000000001,0.301375
110,0.5,1565.7,0.0475,0.75,1428.6100000000001,0.22325000000000003
111,0.25,927.0,0.12510000000000002,0.625,865.96,0.469125
112,0.75,1013.8,0.0641,0.75,944.46,0.22799999999999998
113,0.75,626.1,0.15186666666666668,1.0,558.99,0.5695
114,0.875,691.5,0.11611428571428571,1.0,636.8000000000001,0.43542857142857144
115,0.625,864.4,0.11876000000000002,0.875,805.8900000000001,0.44535
116,0.375,1178.8,0.10226666666666667,0.875,1076.49,0.3835
117,0.375,1096.5,0.10086666666666666,0.875,986.85,0.37825
118,0.75,721.8,0.12303333333333333,1.0,673.9300000000001,0.46137500000000004
119,0.5,989.7,0.08630000000000002,0.875,899.7500000000001,0.31575000000000003
120,0.75,1031.9,0.08850000000000001,0.75,952.12,0.331875
121,0.75,662.9,0.11513333333333335,1.0,626.57,0.43175
122,0.75,906.9,0.08746666666666668,0.875,854.55,0.328
123,0.375,1403.8999999999999,0.0756,0.75,1278.75,0.28350000000000003
124,0.625,805.3,0.11052,0.875,751.59,0.41445
125,0.625,1132.0,0.09084,0.75,1046.43,0.34625
126,0.5,1540.7,0.0436,0.875,1424.3200000000002,0.1635
127,0.875,992.3,0.08057142857142859,0.625,917.96,0.28215
128,0.75,1192.0,0.0746,0.75,1102.45,0.26685
129,0.5,884.6,0.13015,1.0,816.97,0.48806249999999995
130,0.75,976.4,0.07033333333333333,1.0,907.2900000000001,0.26375
131,0.25,1519.0,0.0648,0.75,1402.94,0.243
132,0.625,755.9,0.12056,0.875,703.49,0.4521
133,0.5,1343.7,0.06945000000000001,0.75,1237.56,0.2604375
134,0.25,1847.0,0.039400000000000004,0.875,1668.6200000000001,0.14775
135,0.75,832.1,0.08806666666666667,1.0,787.71,0.33025
136,0.375,1381.0,0.08733333333333333,0.75,1253.24,0.3275
137,0.5,1036.3,0.09305,0.75,963.71,0.3489375
138,0.5,1027.2,0.08310000000000001,0.875,944.35,0.31925000000000003
139,0.375,961.0,0.0816,0.75,887.83,0.306
140,0.875,832.0,0.08620000000000001,0.875,770.91,0.33075000000000004
141,0.25,1559.7,0.0625,0.75,1416.1,0.1815
142,0.375,1444.2,0.05073333333333333,0.5,1322.8400000000001,0.19025
143,0.5,1750.6,0.047400000000000005,0.5,1588.5500000000002,0.159375
144,0.75,824.0,0.10306666666666668,1.0,791.45,0.3865
145,0.625,1239.6000000000001,0.08644,0.875,1129.91,0.336
146,0.375,1476.8,0.06893333333333333,0.625,1346.17,0.2585
147,0.75,1273.2,0.0511,0.875,1199.79,0.19162500000000002
148,0.75,988.6,0.07450000000000001,0.625,938.45,0.27599999999999997
149,0.5,1003.5,0.09985000000000001,0.875,940.39,0.3744375
150,0.5,1077.5,0.09695000000000001,0.375,975.08,0.3225
151,0.375,1539.3,0.0684,0.5,1405.5,0.2805
152,0.5,1322.4,0.07930000000000001,0.875,1206.18,0.297375
153,0.5,1433.0,0.0635,0.875,1326.8400000000001,0.27975
154,0.375,1522.7,0.04026666666666667,0.5,1397.31,0.15100000000000002
155,0.75,770.8,0.13193333333333335,1.0,719.19,0.49474999999999997
156,0.5,1407.4,0.055600000000000004,0.875,1272.05,0.20850000000000002
157,0.5,820.3000000000001,0.12305,1.0,756.33,0.4614375
158,0.375,1355.2,0.07353333333333334,0.75,1247.3400000000001,0.27575
159,0.5,1052.4,0.08990000000000001,0.75,957.74,0.304
160,0.75,805.3,0.1216,0.875,760.47,0.44820000000000004
161,0.75,1003.5,0.08433333333333333,0.875,949.46,0.31625
162,0.625,842.3,0.09912000000000001,1.0,782.54,0.37170000000000003
163,0.375,1082.1,0.08893333333333335,0.625,981.97,0.306
164,0.5,969.8,0.10275000000000001,1.0,889.01,0.3853125
165,0.625,1407.9,0.05344,0.75,1311.14,0.2004
166,0.5,1426.2,0.061500000000000006,0.625,1290.92,0.24275000000000002
167,0.5,746.4,0.1593,1.0,621.01,0.597375
168,0.625,1496.0,0.06960000000000001,0.75,1381.52,0.2745
169,0.75,1209.4,0.07423333333333333,0.625,1108.98,0.2810625
170,0.625,1480.9,0.10495999999999998,0.75,1332.81,0.39937500000000004
171,0.875,840.4,0.09434285714285716,0.875,788.9300000000001,0.3537857142857143
172,0.75,939.0,0.11230000000000001,0.75,857.2,0.40012500000000006
173,0.625,960.7,0.09268000000000001,1.0,893.4000000000001,0.34755
174,0.625,911.1,0.13440000000000002,1.0,838.6800000000001,0.504
175,0.625,1333.0,0.06520000000000001,0.625,1216.94,0.2535
176,0.75,1555.6000000000001,0.0514,0.625,1442.3700000000001,0.18839999999999998
177,0.875,762.9000000000001,0.11034285714285716,1.0,710.75,0.4137857142857143
178,0.5,1477.2,0.0781,0.625,1339.94,0.248625
179,0.625,1428.6,0.050760000000000007,0.75,1319.98,0.172125
180,0.875,647.8,0.1336857142857143,0.875,603.8,0.501375
181,0.5,1308.6999999999998,0.0698,0.625,1215.94,0.26175
182,0.625,1132.9,0.06356,0.625,1056.0900000000001,0.252375
183,0.375,1311.2,0.06913333333333334,0.75,1192.91,0.25925000000000004
184,0.75,1064.0,0.07956666666666667,0.75,990.75,0.301125
185,0.625,1198.9,0.06508,0.875,1108.1,0.24131249999999999
186,0.875,722.7,0.1074857142857143,0.875,684.8199999999999,0.41625
187,1.0,1031.3,0.0586,1.0,965.18,0.21975
188,0.75,784.4,0.11953333333333334,0.75,730.64,0.45330000000000004
189,0.75,686.3,0.15046666666666667,1.0,591.69,0.56425
190,0.625,1053.9,0.08476000000000002,0.75,970.33,0.3241875
191,0.625,1040.8,0.08188,0.625,952.28,0.24425
192,0.625,1139.6,0.05536,0.875,1057.69,0.2076
193,0.625,669.4,0.16176,1.0,475.62,0.6066
194,0.5,1457.2,0.0718,0.75,1347.0,0.26925
195,0.25,1421.3,0.08320000000000001,0.875,1279.17,0.312
196,0.375,879.6,0.11220000000000001,0.75,800.8700000000001,0.42074999999999996
197,0.75,1148.3,0.07280000000000002,0.875,1064.54,0.27135
198,0.75,1160.5,0.0906,0.75,1073.25,0.34215
199,0.5,1503.7,0.05745,0.75,1360.0800000000002,0.171375
200,0.25,1155.5,0.10650000000000001,0.875,1039.95,0.399375
201,0.25,1183.8,0.10760000000000002,1.0,1068.9,0.4035
202,0.875,1118.9,0.05834285714285714,0.625,1050.98,0.21405
203,0.5,1605.9,0.050100000000000006,0.75,1495.72,0.18787500000000001
204,0.75,1315.3,0.03993333333333334,0.75,1244.14,0.1479
205,0.75,1039.3,0.06686666666666667,0.875,995.75,0.25075
206,0.5,1230.2,0.0897,0.625,1126.67,0.336375
207,0.375,844.7,0.12253333333333334,0.875,768.01,0.45949999999999996
208,0.5,1091.9,0.10475000000000001,0.75,1008.8700000000001,0.3928125
209,0.625,1134.5,0.08232,0.875,1049.9099999999999,0.30870000000000003
210,0.5,1043.6,0.099,0.625,951.46,0.38475
211,0.375,1073.5,0.08426666666666667,0.75,994.71,0.316
212,0.5,1065.6,0.08940000000000001,0.75,988.3100000000001,0.33525
213,0.625,1408.9,0.06284000000000001,0.625,1307.22,0.2045625
214,0.375,1096.6,0.09526666666666667,1.0,993.29,0.35725
215,0.875,869.4,0.09128571428571429,0.875,811.91,0.3423214285714286
216,0.75,1210.5,0.0629,0.75,1144.55,0.23587499999999997
217,0.375,1220.6,0.08786666666666669,0.625,1103.77,0.33487500000000003
218,0.25,1549.3,0.07880000000000001,0.625,1415.25,0.2955
219,0.5,918.1,0.12315000000000001,1.0,834.23,0.46181250000000007
220,0.75,1179.9,0.06893333333333333,0.875,1102.77,0.2585
221,0.5,839.9,0.11230000000000001,0.875,773.01,0.44875
222,0.625,832.3,0.14396,0.875,760.31,0.5319375
223,0.625,1134.5,0.08028,0.875,1038.01,0.29774999999999996
224,0.75,949.4,0.07886666666666667,0.75,889.27,0.30285
225,0.75,840.6,0.0825,0.875,787.54,0.32504999999999995
226,0.625,1049.2,0.09060000000000001,0.75,977.72,0.3369375
227,0.625,1553.2,0.059719999999999995,0.875,1449.48,0.21768749999999998
228,0.5,1167.3,0.0675,1.0,1082.95,0.253125
229,0.25,886.3,0.1091,0.75,813.6,0.40912499999999996
230,0.5,1227.9,0.0762,0.875,1141.8,0.28575
231,0.875,653.5,0.13094285714285717,1.0,617.58,0.49103571428571424
232,0.375,998.8000000000001,0.12853333333333333,0.875,909.3100000000001,0.482
233,0.75,963.2,0.0604,1.0,903.55,0.2265
234,0.375,1056.2,0.07686666666666668,0.625,1002.23,0.28825
235,0.875,1116.2,0.060885714285714286,0.75,1037.31,0.226
236,0.625,1432.9,0.04544,0.75,1306.72,0.1693125
237,0.5,1170.5,0.0747,0.75,1087.5,0.31425
238,0.375,1375.1,0.08439999999999999,0.625,1245.3700000000001,0.34575
239,0.625,1131.6,0.09092,0.875,1057.99,0.34095
240,0.625,804.4,0.11632,1.0,749.0,0.43620000000000003
241,0.5,1141.6,0.09435,0.75,1065.78,0.3538125
242,0.625,769.7,0.11812,1.0,728.23,0.44295
243,0.625,1201.3,0.07792,0.75,1110.38,0.26525
244,0.5,1180.6,0.07925,1.0,1081.72,0.2971875
245,0.5,1273.3,0.0799,0.625,1150.24,0.299625
246,0.75,1101.5,0.08220000000000001,0.75,1017.47,0.3048
247,0.875,610.5,0.1357142857142857,1.0,578.5,0.5089285714285714
248,0.875,965.4,0.08002857142857144,0.875,907.0699999999999,0.290625
249,0.625,946.3,0.09364000000000001,1.0,883.75,0.35114999999999996
250,0.75,1155.4,0.06616666666666667,0.875,1077.77,0.248125
251,0.75,782.9,0.14086666666666667,1.0,728.84,0.52825
252,0.75,1140.2,0.059133333333333336,0.875,1075.29,0.22175
253,0.625,1272.9,0.054360000000000006,0.75,1187.26,0.20385
254,0.5,990.9,0.1134,0.875,905.4200000000001,0.42525
255,0.75,955.1,0.09996666666666666,0.875,885.44,0.39299999999999996
256,0.375,1407.8,0.06973333333333334,0.375,1277.54,0.20025
257,0.5,927.5999999999999,0.10625000000000001,0.625,863.83,0.3984375
258,0.625,1081.7,0.0706,0.75,996.57,0.23943749999999997
259,0.625,957.9,0.06548000000000001,0.75,919.52,0.24555000000000002
260,0.5,894.0,0.08320000000000001,0.75,841.8,0.31200000000000006
261,0.75,899.2,0.12876666666666667,0.875,820.71,0.46365
262,0.625,960.2,0.11320000000000001,0.75,886.1600000000001,0.447
263,0.75,934.3,0.10116666666666667,0.875,868.82,0.379375
264,0.625,1128.8,0.09084,0.75,1042.81,0.3285
265,0.75,1168.6,0.07250000000000001,0.75,1078.0900000000001,0.2773125
266,0.75,937.1,0.08096666666666667,0.75,887.45,0.28545
267,0.625,916.9000000000001,0.11124,1.0,852.6700000000001,0.41715
268,0.75,1443.6,0.05840000000000001,0.875,1347.58,0.219
269,0.375,1678.1,0.06173333333333334,0.75,1536.79,0.2315
270,0.625,1012.7,0.09519999999999999,0.875,941.04,0.357
271,0.25,1578.7,0.08000000000000002,0.5,1420.83,0.3285
272,0.75,799.8,0.11736666666666667,0.875,736.89,0.44012500000000004
273,0.75,725.6,0.11259999999999999,0.875,677.57,0.42225
274,0.5,1071.8,0.07755000000000001,0.875,986.2,0.29081250000000003
275,0.5,759.4,0.1134,0.875,706.04,0.4472500000000001
276,0.625,961.3,0.11236000000000002,0.875,888.03,0.421875
277,0.375,872.6,0.11866666666666668,0.875,796.79,0.445
278,0.375,1389.4,0.08013333333333335,0.75,1269.4,0.24112499999999998
279,0.75,1541.8000000000002,0.05306666666666667,0.625,1415.71,0.21
280,0.5,1640.1,0.035100000000000006,0.875,1505.3200000000002,0.131625
281,0.375,903.3,0.08660000000000001,0.875,828.03,0.32475
282,0.625,920.5999999999999,0.08332,0.75,853.8399999999999,0.31245
283,0.25,1713.1,0.0551,0.375,1568.64,0.24375000000000002
284,1.0,740.6,0.09575,0.875,715.29,0.3508928571428571
285,0.125,1482.2,0.06480000000000001,0.75,1340.31,0.243
286,0.75,1196.7,0.083,1.0,1107.3,0.31125
287,0.75,967.8,0.08716666666666667,0.875,916.25,0.34110000000000007
288,0.5,1088.9,0.10300000000000001,0.75,993.21,0.38599999999999995
289,0.625,1510.0,0.0568,0.625,1394.26,0.1915
290,0.5,965.9000000000001,0.058550000000000005,0.875,893.95,0.21956250000000002
291,0.5,1198.6000000000001,0.08030000000000001,0.875,1110.66,0.301125
292,0.5,1019.5,0.0918,1.0,944.03,0.34425000000000006
293,0.5,1328.9,0.06760000000000001,0.75,1227.3500000000001,0.2535
294,0.75,1138.3,0.06466666666666666,0.875,1072.03,0.2511
295,0.75,801.0,0.08793333333333335,1.0,750.25,0.32975
296,0.5,967.0999999999999,0.09145,1.0,895.8299999999999,0.3429375
297,0.5,1424.8,0.036250000000000004,0.75,1324.2,0.1359375
298,0.75,743.9,0.11720000000000001,0.875,684.4300000000001,0.4395
299,0.625,767.2,0.10172,0.75,739.91,0.38144999999999996
300,0.75,1078.5,0.09283333333333334,1.0,1003.02,0.348125
301,0.875,1302.0,0.04425714285714286,0.75,1232.73,0.164125
302,0.75,686.0,0.1029,1.0,651.29,0.38587499999999997
303,0.625,921.6,0.09352,0.75,852.6400000000001,0.3507
304,0.875,698.0,0.10097142857142859,1.0,665.64,0.37864285714285717
305,0.375,1119.3999999999999,0.08233333333333333,0.625,1032.57,0.30875
306,0.5,1639.8,0.054450000000000005,0.5,1507.73,0.21775
307,0.625,1180.1,0.069,0.625,1086.25,0.25012500000000004
308,0.875,881.3,0.10822857142857144,1.0,818.9,0.40585714285714286
309,0.375,1928.3,0.042666666666666665,0.625,1747.51,0.14625
310,0.75,1135.3,0.09173333333333333,0.875,1044.27,0.3408
311,0.875,885.8,0.06248571428571429,0.75,870.77,0.25075000000000003
312,0.625,896.7,0.08404000000000002,0.75,829.6800000000001,0.33225000000000005
313,0.75,1003.0999999999999,0.0835,0.875,928.2,0.31312500000000004
314,0.5,991.6999999999999,0.08945,0.75,914.31,0.31925
315,0.375,992.4,0.09160000000000001,0.625,918.1,0.34349999999999997
316,0.75,738.3,0.13946666666666666,0.875,689.54,0.5147999999999999
317,0.5,959.4,0.1067,1.0,877.24,0.400125
318,0.75,1088.4,0.05786666666666667,0.75,1026.2,0.217
319,0.75,904.3,0.0948,0.875,839.13,0.3555
320,0.625,902.1999999999999,0.13892000000000002,0.875,811.98,0.5231250000000001
321,0.625,1045.8,0.09824000000000001,0.75,976.19,0.36839999999999995
322,0.75,418.4,0.14333333333333334,0.75,373.74,0.5375
323,0.625,1011.3,0.07104,0.875,941.76,0.2664
324,1.0,755.1,0.11315000000000001,1.0,717.32,0.4243125
325,0.375,817.4,0.11893333333333334,0.75,746.49,0.46049999999999996
326,0.875,1046.4,0.0638,0.875,976.8000000000001,0.2335
327,0.625,1270.3,0.0708,0.5,1156.4,0.28250000000000003
328,0.5,691.5,0.11645,0.875,635.01,0.4366875
329,0.625,1093.3,0.08136,0.875,1010.87,0.3166875
330,0.25,1067.3000000000002,0.09610000000000002,1.0,971.0000000000001,0.360375
331,0.625,793.8,0.11464,0.875,740.6,0.42990000000000006
332,0.375,1432.2,0.07133333333333335,0.75,1297.17,0.303
333,0.625,922.2,0.09216,1.0,852.0600000000001,0.3456
334,0.625,1143.2,0.08808,0.5,1048.23,0.33525
335,0.5,1346.3,0.07865,0.5,1229.83,0.3045
336,0.5,1464.6,0.06775,0.875,1328.14,0.25406249999999997
337,0.625,642.7,0.14416,1.0,527.31,0.5406
338,0.875,1125.7,0.0518,0.625,1054.8700000000001,0.22664999999999996
339,0.75,623.1,0.11009999999999999,0.625,596.72,0.43170000000000003
340,0.5,1059.6,0.08470000000000001,0.5,972.8299999999999,0.2955
341,0.375,1142.8,0.11220000000000001,0.875,1037.19,0.42712500000000003
342,0.75,804.6999999999999,0.13156666666666667,1.0,750.33,0.49337499999999995
343,0.875,630.8000000000001,0.10077142857142858,1.0,601.73,0.37789285714285714
344,0.375,1211.9,0.0792,0.75,1128.41,0.297
345,0.5,850.3,0.1562,0.875,778.35,0.58575
346,0.625,946.7,0.13076000000000002,1.0,865.76,0.49035
347,0.375,1019.5,0.1044,0.875,932.44,0.3915
348,0.5,1241.0,0.08405000000000001,0.625,1127.59,0.3255
349,0.5,1605.3,0.0675,0.875,1471.29,0.253125
350,0.625,908.0,0.11648,1.0,847.0,0.4368
351,0.5,828.3,0.13790000000000002,0.875,763.15,0.5171250000000001
352,0.625,1337.9,0.056720000000000007,0.75,1265.38,0.21270000000000003
353,0.125,1699.6,0.08760000000000001,0.5,1540.39,0.3285
354,0.75,997.9,0.06110000000000001,0.75,923.12,0.21749999999999997
355,0.5,1265.9,0.06875,0.75,1161.13,0.2578125
356,0.875,974.7,0.08,0.875,907.58,0.29025
357,0.375,1201.9,0.06946666666666668,1.0,1107.98,0.2605
358,0.375,1355.8,0.07153333333333334,0.5,1234.05,0.272625
359,0.625,654.5,0.1312,1.0,615.47,0.492
360,0.25,1558.8,0.061,0.5,1420.77,0.22874999999999998
361,0.875,966.0999999999999,0.08151428571428572,0.75,910.6,0.31162500000000004
362,0.5,1519.4,0.06435,0.625,1392.47,0.29750000000000004
363,0.75,695.6,0.1254333333333333,1.0,655.06,0.470375
364,0.75,854.5,0.07543333333333334,0.875,804.29,0.29579999999999995
365,0.75,764.7,0.08986666666666666,0.75,726.2,0.337
366,0.25,1072.5,0.1408,1.0,965.25,0.528
367,0.75,886.6,0.07083333333333335,1.0,835.31,0.265625
368,0.625,945.2,0.10608,0.625,879.89,0.40293749999999995
369,0.75,873.1,0.04896666666666668,0.625,839.03,0.18839999999999998
370,0.375,1134.8,0.10873333333333335,0.75,1044.49,0.40775
371,0.375,1060.9,0.1144,0.75,962.1500000000001,0.35250000000000004
372,0.375,1488.6,0.05840000000000001,0.625,1368.68,0.219
373,0.375,1562.9,0.08360000000000001,0.25,1406.6100000000001,
374,0.625,934.9,0.08316000000000001,0.875,866.44,0.31185
375,0.5,1504.6,0.0517,0.5,1390.24,0.18975
376,0.625,975.1999999999999,0.11100000000000002,0.875,906.75,0.41624999999999995
377,0.75,789.4,0.09003333333333334,0.625,741.62,0.3207
378,0.625,1233.9,0.05524,0.875,1137.44,0.20715
379,0.75,890.7,0.09356666666666667,0.875,854.38,0.350875
380,0.625,771.9,0.11044000000000001,0.875,711.88,0.4261875
381,0.375,1648.3,0.0592,0.875,1497.94,0.22199999999999998
382,0.5,1113.0,0.09090000000000001,0.75,1024.8899999999999,0.340875
383,0.625,736.7,0.12476000000000001,1.0,685.63,0.46785
384,0.375,1370.6000000000001,0.0546,0.5,1238.59,0.228375
385,0.875,874.1,0.06605714285714286,0.625,823.38,0.2454
386,0.5,878.3,0.1039,0.75,810.0600000000001,0.42449999999999993
387,0.625,948.8,0.06552,0.875,894.9399999999999,0.24569999999999997
388,0.625,1259.0,0.07596,0.875,1173.21,0.28485
389,0.625,1365.9,0.092,0.625,1259.48,0.36525
390,0.625,786.4,0.10468,0.875,729.74,0.3838125
391,0.5,763.8,0.13690000000000002,1.0,699.8499999999999,0.513375
392,0.625,983.6,0.08908,1.0,916.53,0.33405
393,0.75,889.4000000000001,0.0961,1.0,832.5400000000001,0.36037499999999995
394,0.5,1103.6,0.053250000000000006,0.875,1026.46,0.19968750000000002
395,0.75,1217.0,0.05533333333333334,0.75,1130.3700000000001,0.20595
396,0.5,1203.5,0.05365,0.625,1104.71,0.19475
397,0.625,1056.2,0.12036,0.625,956.5,0.47231249999999997
398,0.375,972.3,0.119,0.875,878.82,0.44625000000000004
399,0.375,1290.9,0.08693333333333335,0.875,1186.7,0.326
400,0.125,1188.7,0.0828,0.875,1075.8300000000002,0.3105
401,0.625,1148.8,0.08356000000000001,0.75,1039.41,0.3015
402,0.5,1110.7,0.09970000000000001,0.875,1013.12,0.40175
403,0.375,1294.2,0.06420000000000001,0.375,1186.99,0.24075000000000002
404,0.375,1777.0,0.0456,0.75,1623.02,0.194625
405,0.625,1197.0,0.07352,0.625,1111.52,0.26475
406,0.75,1218.0,0.07686666666666667,1.0,1124.15,0.28825
407,0.375,1265.6,0.06686666666666667,0.75,1161.18,0.25075
408,0.625,1119.9,0.09576,1.0,1020.98,0.35910000000000003
409,0.5,1555.4,0.068,0.875,1442.06,0.255
410,0.625,1282.6,0.06804,0.75,1180.77,0.2589375
411,0.375,1374.2,0.0634,0.75,1244.02,0.23775
412,0.625,835.4,0.11908,1.0,773.24,0.44655000000000006
413,0.5,966.6,0.0906,0.875,889.54,0.3225
414,0.5,1269.6999999999998,0.049550000000000004,0.375,1166.9,0.18975
415,0.75,1475.2,0.044966666666666676,0.75,1343.29,0.1632
416,0.625,1053.7,0.06812000000000001,0.875,974.1800000000001,0.25545
417,0.375,1493.6,0.07826666666666666,0.375,1344.24,0.29925
418,0.375,1011.4,0.10406666666666668,0.875,922.9200000000001,0.39025
419,0.75,1187.0,0.05273333333333333,0.875,1124.43,0.19775
420,0.875,766.7,0.09425714285714286,0.875,722.2,0.380875
421,0.25,1670.3,0.06380000000000001,0.75,1519.81,0.1995
422,0.625,818.1,0.13635999999999998,1.0,769.32,0.51135
423,0.75,773.8,0.0979,0.875,725.7,0.35039999999999993
424,0.375,1041.0,0.10660000000000001,0.75,950.83,0.39975000000000005
425,0.375,959.5,0.11753333333333334,0.75,871.0600000000001,0.436875
426,0.75,1175.3999999999999,0.08220000000000001,0.875,1096.6399999999999,0.30824999999999997
427,0.625,708.5,0.12192,0.875,659.64,0.47081249999999997
428,0.625,1006.4,0.07356,1.0,930.9300000000001,0.27585000000000004
429,0.625,844.9,0.08696000000000001,1.0,789.9100000000001,0.3261
430,0.5,864.0999999999999,0.13055,0.875,790.8499999999999,0.4895625
431,0.625,1341.1,0.05256000000000001,0.5,1228.3600000000001,0.159
432,0.625,709.5,0.09264000000000001,1.0,661.46,0.34740000000000004
433,0.25,1209.5,0.0796,0.625,1096.69,0.3285
434,0.625,857.1,0.12904,0.625,795.5500000000001,0.49425
435,0.5,1570.3,0.07725000000000001,0.625,1421.3700000000001,0.31075
436,0.75,1089.8,0.06826666666666667,0.875,1039.2,0.23654999999999998
437,0.75,1076.0,0.07506666666666667,0.875,992.01,0.3096
438,1.0,812.6,0.091725,1.0,780.4200000000001,0.34396875
439,0.25,1400.2,0.0668,0.75,1288.4,0.2505
440,0.5,785.7,0.12430000000000002,1.0,728.51,0.466125
441,0.75,1582.6,0.04766666666666667,0.625,1475.55,0.19590000000000002
442,0.5,1401.7,0.0649,0.75,1296.91,0.243375
443,0.25,1514.4,0.0628,0.5,1395.81,0.2355
444,0.5,905.5,0.13075,1.0,828.98,0.49031250000000004
445,0.625,1030.2,0.11188000000000001,1.0,935.7,0.41955
446,0.375,1279.4,0.08253333333333333,0.75,1172.3,0.30950000000000005
447,0.375,1366.6,0.054400000000000004,0.75,1260.84,0.20400000000000004
448,0.625,906.0999999999999,0.09252,0.875,852.86,0.34695
449,0.75,1285.5,0.062266666666666665,0.625,1199.8500000000001,0.2343
450,0.625,1074.5,0.09616,1.0,993.52,0.3606
451,0.625,892.6,0.13336,0.75,810.21,0.5064375
452,0.625,675.6,0.13528,1.0,620.51,0.5073000000000001
453,0.625,1196.0,0.060840000000000005,0.75,1108.33,0.2139375
454,0.75,756.3,0.11756666666666667,1.0,699.37,0.44087499999999996
455,0.25,1535.3,0.057100000000000005,0.625,1415.43,0.214125
456,0.625,1126.3,0.07139999999999999,0.5,1040.5,0.2671875
457,0.625,1425.0,0.06860000000000001,0.375,1292.04,0.26775
458,0.5,1394.5,0.049800000000000004,0.5,1294.96,0.18675
459,0.25,1115.9,0.12360000000000002,0.5,1014.35,0.41025
460,0.75,855.1,0.12343333333333335,0.875,793.09,0.462875
461,0.75,784.7,0.13470000000000001,1.0,741.7900000000001,0.505125
462,0.875,894.2,0.09548571428571428,1.0,832.45,0.35807142857142854
463,0.75,921.8,0.08263333333333334,0.875,847.36,0.309875
464,0.5,785.1,0.11705000000000002,1.0,604.83,0.4389375
465,0.25,1368.5,0.07160000000000001,0.75,1240.18,0.2685
466,0.875,1053.3,0.08862857142857143,0.875,974.69,0.328625
467,0.5,1153.6,0.08095000000000001,0.375,1067.77,0.29750000000000004
468,1.0,545.0,0.11677500000000002,1.0,532.09,0.43790625000000005
469,0.625,837.1,0.11696,0.75,778.15,0.4386
470,0.25,1172.9,0.08850000000000001,0.75,1062.22,0.33187500000000003
471,0.375,1384.5,0.07713333333333333,0.5,1255.26,0.27112499999999995
472,0.75,830.7,0.08800000000000001,1.0,778.83,0.33
473,0.75,927.1,0.09576666666666667,0.875,851.73,0.3678
474,0.75,1329.2,0.05763333333333334,0.5,1244.0,0.2000625
475,0.625,1093.9,0.08152000000000001,0.75,1011.88,0.30569999999999997
476,0.75,719.1,0.13073333333333334,1.0,666.79,0.49025
477,0.625,1099.2,0.08120000000000001,0.625,1019.7,0.3045
478,0.25,1212.8,0.0721,0.75,1108.65,0.27037500000000003
479,0.25,1346.5,0.0766,0.625,1217.3,0.28725
480,0.875,877.1,0.07451428571428573,0.75,830.92,0.27555
481,0.5,1001.1,0.12110000000000001,1.0,900.99,0.454125
482,0.75,995.5,0.07233333333333333,0.75,930.87,0.26685
483,0.5,1030.3,0.1106,1.0,949.1500000000001,0.41475
484,0.625,1028.3,0.08576,0.75,947.48,0.3216
485,0.25,1484.4,0.0267,0.625,1362.39,0.100125
486,0.5,1366.9,0.08045000000000001,0.375,1241.5700000000002,0.307875
487,0.625,995.6,0.08228,1.0,922.54,0.30855
488,0.625,1252.9,0.08504,0.5,1132.8600000000001,0.30975
489,0.5,1221.7,0.0744,0.875,1103.74,0.279
490,0.75,882.8,0.08886666666666666,0.875,834.02,0.33325
491,0.75,1264.9,0.06886666666666667,0.625,1164.09,0.27825
492,0.625,1460.6,0.07896,0.875,1351.49,0.29610000000000003
493,0.5,994.0999999999999,0.08685000000000001,1.0,913.37,0.3256875
494,0.625,1727.6,0.027360000000000002,0.625,1590.8,0.1078125
495,0.75,975.8,0.09693333333333333,1.0,920.38,0.3635
496,0.375,1091.4,0.09826666666666667,0.875,986.1600000000001,0.36850000000000005
497,0.625,856.6999999999999,0.10576,0.625,791.23,0.3901875
498,0.625,1095.5,0.076,0.875,1033.12,0.28500000000000003
499,0.875,558.3000000000001,0.14005714285714285,1.0,534.07,0.5252142857142857
500,0.625,1500.9,0.05704,0.625,1369.25,0.1820625
501,0.5,1165.2,0.08735,1.0,1079.3,0.3275625
502,0.5,1230.9,0.07965,0.75,1128.31,0.2986875
503,0.625,1374.3,0.06360000000000002,0.5,1275.39,0.25012500000000004
504,0.75,993.7,0.0868,0.625,924.0,0.3084
505,0.75,1182.8,0.08866666666666667,0.75,1075.08,0.3399375
506,0.625,1621.2,0.0658,0.25,1465.22,0.31425
507,0.875,765.2,0.09097142857142858,1.0,720.1,0.34114285714285714
508,0.625,1507.0,0.06748000000000001,0.5,1384.0900000000001,0.2664375
509,0.75,918.3,0.10483333333333333,0.875,847.06,0.3837
510,0.625,1036.7,0.07016,0.75,957.65,0.254625
511,0.75,580.6,0.1565666666666667,1.0,420.54,0.587125
512,0.625,1415.0,0.06044000000000001,0.75,1304.75,0.224625
513,0.875,738.9,0.0828,0.875,702.89,0.331625
514,0.625,1050.3,0.10740000000000001,0.625,958.9300000000001,0.41475
515,0.625,1018.6,0.06148,0.875,958.26,0.23055000000000003
516,0.625,771.2,0.11495999999999999,1.0,705.35,0.4311
517,0.875,941.9,0.09317142857142859,0.875,879.6899999999999,0.36212500000000003
518,0.625,1560.8,0.02888,0.625,1440.78,0.105
519,0.625,1522.5,0.05304,0.625,1408.19,0.20174999999999998
520,0.875,734.5,0.11837142857142857,0.875,685.33,0.45787500000000003
521,0.5,1140.9,0.09135000000000001,0.75,1031.6200000000001,0.3425625
522,0.875,914.1,0.0838857142857143,0.875,865.72,0.304625
523,0.75,975.4,0.08290000000000002,0.75,907.3100000000001,0.310875
524,0.5,1505.7,0.04865,0.5,1376.06,0.19525
525,0.375,1122.7,0.0756,0.875,1022.4300000000001,0.2835
526,0.625,1033.7,0.08064,0.75,953.73,0.3133125
527,0.625,699.4000000000001,0.16228,1.0,589.5200000000001,0.6085499999999999
528,0.75,1100.4,0.07116666666666667,1.0,1011.39,0.26687500000000003
529,0.625,1181.2,0.07136,0.75,1079.67,0.2676
530,0.625,1042.1,0.077,0.75,971.38,0.28875
531,0.625,1049.7,0.08208000000000001,0.625,962.6800000000001,0.27975
532,0.5,1214.1,0.08605000000000002,0.875,1106.54,0.3226875
533,0.625,809.6,0.10948000000000002,0.5,744.04,0.41025
534,0.375,1249.0,0.07766666666666666,0.75,1132.8600000000001,0.29124999999999995
535,0.625,813.0999999999999,0.12228000000000001,0.875,766.62,0.45854999999999996
536,0.625,1273.1,0.07456,0.875,1163.19,0.2796
537,0.375,1091.8,0.1146,0.875,994.4,0.42975
538,0.75,873.0,0.10736666666666667,0.75,811.2,0.4216875
539,0.625,1256.4,0.056920000000000005,0.75,1150.49,0.24225000000000002
540,0.5,1550.7,0.0563,0.625,1419.02,0.21550000000000002
541,0.625,749.4,0.12188000000000002,0.875,696.15,0.448125
542,0.5,1237.1,0.07155,0.75,1137.13,0.2683125
543,0.625,863.1,0.09076000000000001,0.875,812.37,0.34035000000000004
544,0.75,1229.3,0.0814,0.625,1142.3500000000001,0.3255
545,0.625,1122.4,0.05896,1.0,1053.24,0.2211
546,0.625,951.3,0.12368000000000001,0.75,870.48,0.49750000000000005
547,0.5,808.4000000000001,0.11675,0.875,742.7800000000001,0.4378125
548,0.5,1066.4,0.10250000000000001,1.0,983.28,0.384375
549,0.625,1251.6,0.08808,1.0,1145.26,0.3303
550,0.625,900.0,0.10407999999999999,1.0,837.58,0.3903
551,0.625,1607.6,0.08032,0.625,1458.95,0.27925
552,0.375,1198.1000000000001,0.07893333333333334,0.625,1086.98,0.296
553,0.625,1434.1,0.06652,0.75,1316.78,0.23500000000000001
554,0.875,1174.9,0.05191428571428571,0.625,1094.77,0.19005
555,0.875,758.1,0.09860000000000001,0.875,720.34,0.33949999999999997
556,0.5,1112.8,0.0791,0.625,1007.98,0.19612500000000002
557,0.125,1386.4,0.0892,0.75,1255.53,0.3345
558,0.5,1372.0,0.0627,0.875,1242.03,0.235125
559,0.5,1138.8,0.09735,0.625,1039.7,0.34325
560,0.625,1341.7,0.06572,0.625,1212.08,0.2675
561,0.25,1897.6999999999998,0.0601,0.375,1721.17,0.23099999999999998
562,0.25,1213.2,0.10630000000000002,0.75,1110.47,0.398625
563,0.25,1607.3,0.031700000000000006,1.0,1458.33,0.11887500000000001
564,0.375,877.6999999999999,0.12240000000000002,0.875,812.1600000000001,0.459
565,0.625,823.8,0.11628000000000001,1.0,751.91,0.43605
566,0.75,670.0,0.13553333333333334,1.0,624.61,0.50825
567,0.5,1110.0,0.07735,0.5,1007.87,0.273
568,0.5,1179.5,0.07125000000000001,0.875,1090.8700000000001,0.2671875
569,0.875,1055.5,0.09168571428571429,1.0,976.88,0.34382142857142856
570,0.625,1222.2,0.06748000000000001,0.625,1125.59,0.24787499999999998
571,0.5,1296.4,0.0901,0.875,1185.8600000000001,0.33787500000000004
572,0.625,840.1,0.12476000000000001,0.875,773.89,0.47587500000000005
573,0.375,1332.6,0.07973333333333334,0.875,1212.81,0.299
574,0.5,1108.8,0.07900000000000001,0.625,1036.05,0.29625
575,0.875,991.1,0.06962857142857143,0.875,937.29,0.25275
576,0.875,811.9,0.0868857142857143,0.875,766.76,0.30824999999999997
577,0.625,796.6,0.12816,1.0,745.13,0.4806
578,0.75,1468.4,0.06693333333333333,0.75,1338.58,0.2424
579,0.625,1044.7,0.10648000000000002,1.0,949.7,0.39930000000000004
580,0.75,879.8,0.07206666666666667,0.625,808.9300000000001,0.2371875
581,0.75,814.0,0.11230000000000001,0.75,754.8100000000001,0.42119999999999996
582,0.75,669.9,0.12003333333333334,0.875,639.58,0.45012500000000005
583,0.75,1173.4,0.06893333333333333,0.75,1094.71,0.2709
584,0.75,614.5,0.10086666666666667,1.0,588.69,0.37825
585,0.875,940.7,0.052514285714285715,1.0,924.61,0.19692857142857143
586,0.625,1032.9,0.0398,0.625,964.47,0.165375
587,0.5,1151.0,0.07925000000000001,1.0,1063.28,0.2971875
588,0.625,949.9000000000001,0.1348,0.875,870.36,0.508125
589,0.375,1219.3,0.09626666666666667,0.75,1106.08,0.3645
590,0.875,855.7,0.05411428571428572,0.875,836.98,0.20292857142857143
591,0.5,1544.1,0.03665,0.625,1409.08,0.13743750000000002
592,0.625,1085.6,0.11091999999999999,0.75,985.6600000000001,0.39
593,0.375,1145.1,0.07813333333333333,0.625,1049.72,0.27
594,0.75,1047.6,0.0894,0.875,958.05,0.32505
595,0.75,1064.9,0.11216666666666668,0.75,978.81,0.41055
596,0.5,972.1999999999999,0.12075000000000001,0.875,897.4200000000001,0.4528125
597,0.25,1289.8,0.0673,0.875,1177.78,0.252375
598,0.5,1139.2,0.11945,0.75,1025.28,0.47524999999999995
599,0.5,1394.8,0.0674,0.75,1279.68,0.26975
600,0.375,1708.6,0.07353333333333334,0.75,1550.68,0.27575
601,0.5,836.4,0.1132,1.0,769.9000000000001,0.4245
602,0.625,1196.2,0.06932,0.875,1118.98,0.25995
603,0.5,1107.2,0.07985,1.0,1013.54,0.2994375
604,0.625,754.4,0.14072,1.0,696.99,0.5277000000000001
605,0.375,1760.3,0.042266666666666675,0.375,1584.27,0.29325
606,0.75,943.3,0.09126666666666668,0.625,875.94,0.2953125
607,0.5,1260.6,0.05455000000000001,0.375,1182.08,0.1995
608,0.625,1154.0,0.08272,1.0,1057.77,0.31020000000000003
609,0.5,1567.4,0.03585000000000001,0.5,1453.39,0.17149999999999999
610,0.625,1390.4,0.05296000000000001,0.75,1292.95,0.198
611,0.625,1208.9,0.06323999999999999,0.875,1121.9,0.23715000000000003
612,0.625,1468.6,0.06448000000000001,0.5,1361.59,0.26125000000000004
613,0.75,676.4,0.09703333333333335,0.875,640.55,0.3849
614,0.625,974.2,0.09176,0.75,895.8800000000001,0.35000000000000003
615,0.875,708.7,0.13674285714285714,0.875,665.53,0.52125
616,0.75,1173.1,0.06160000000000001,0.75,1091.41,0.2379
617,0.5,1133.9,0.062,1.0,1039.04,0.23249999999999998
618,0.25,1688.8,0.011700000000000002,0.75,1547.01,0.043875000000000004
619,1.0,1105.5,0.071475,0.625,1010.9100000000001,0.2853
620,0.5,677.0,0.13015,0.875,625.16,0.48806249999999995
621,0.625,1008.9,0.09484000000000001,1.0,922.0900000000001,0.35564999999999997
622,0.5,1474.3,0.0557,0.625,1359.37,0.20550000000000002
623,0.625,1310.4,0.04556,0.875,1222.91,0.17085
624,0.5,1347.3,0.0531,0.75,1295.5900000000001,0.199125
625,0.25,1127.9,0.1028,0.75,1025.41,0.38549999999999995
626,0.875,1259.0,0.05568571428571429,0.75,1164.92,0.2136
627,0.625,845.4,0.1618,1.0,700.33,0.60675
628,0.375,1196.1000000000001,0.07993333333333334,0.75,1087.3,0.349875
629,0.625,1287.3,0.06004,0.625,1178.74,0.24149999999999996
630,0.625,1514.6,0.049440000000000005,0.75,1418.66,0.1948125
631,0.625,808.0,0.10024000000000002,0.875,751.79,0.3759
632,0.375,1149.5,0.07673333333333333,0.875,1045.0900000000001,0.28775
633,0.375,1285.3,0.08026666666666667,0.75,1174.34,0.301
634,0.625,1122.2,0.07848000000000001,0.875,1045.8600000000001,0.2943
635,0.25,1455.1,0.1053,0.625,1315.96,0.394875
636,0.625,997.1,0.0976,0.625,926.75,0.366
637,0.25,1661.6999999999998,0.060700000000000004,0.5,1519.6399999999999,0.227625
638,0.625,936.1,0.07124,1.0,878.6899999999999,0.26715
639,0.5,1258.3,0.06920000000000001,0.75,1161.72,0.2595
640,0.375,1064.1,0.10593333333333334,0.75,978.37,0.39725000000000005
641,0.75,712.6,0.10923333333333334,0.875,655.73,0.40962499999999996
642,0.5,1499.7,0.06535,0.375,1376.91,0.22762500000000002
643,0.625,1021.5,0.11256000000000002,0.875,931.23,0.426
644,0.75,1247.3,0.06190000000000001,0.75,1159.1100000000001,0.23879999999999998
645,0.5,1080.0,0.07355,0.875,1001.2900000000001,0.2758125
646,0.5,1185.0,0.08445,0.5,1085.29,0.28075
647,0.75,950.7,0.12536666666666668,1.0,859.53,0.47012499999999996
648,0.625,875.2,0.09200000000000001,1.0,823.22,0.345
649,0.875,1340.3,0.06065714285714286,0.625,1250.3799999999999,0.252
650,0.625,940.9,0.09559999999999999,0.75,864.65,0.3585
651,0.375,1030.0,0.09073333333333333,0.75,946.25,0.34025
652,0.375,921.7,0.13313333333333335,1.0,834.81,0.49924999999999997
653,0.75,1021.9,0.07543333333333334,0.75,943.36,0.282875
654,0.5,1077.1,0.068,0.625,998.78,0.255
655,0.875,646.8,0.13954285714285716,1.0,614.33,0.5232857142857144
656,0.625,782.2,0.11000000000000001,0.75,719.36,0.4048125
657,0.75,1306.2,0.049466666666666666,0.875,1218.09,0.1855
658,0.75,979.6,0.08476666666666667,0.875,910.76,0.31787499999999996
659,0.5,1055.2,0.09930000000000001,1.0,963.3,0.372375
660,0.75,809.3,0.09336666666666667,0.875,761.15,0.350125
661,0.5,1369.1,0.0666,0.5,1242.63,0.24937499999999999
662,0.5,948.8000000000001,0.14185,1.0,866.49,0.5319375
663,0.625,1509.8,0.03452000000000001,0.625,1407.31,0.13575
664,0.375,1651.9,0.06893333333333333,0.5,1498.56,0.287625
665,0.375,984.4,0.10906666666666669,0.875,890.01,0.40900000000000003
666,0.375,1270.1,0.083,0.625,1160.56,0.31124999999999997
667,0.5,1160.9,0.08215,0.875,1061.02,0.28125
668,0.5,1124.5,0.09255000000000001,0.75,1037.7,0.33899999999999997
669,0.625,1221.1,0.05284,0.75,1140.22,0.19815
670,0.875,1108.5,0.03148571428571429,0.625,1052.5,0.1152
671,0.875,848.9,0.08814285714285715,1.0,799.66,0.33053571428571427
672,0.5,926.8,0.0883,0.75,855.09,0.34525
673,0.375,1083.2,0.09160000000000001,0.875,986.33,0.34349999999999997
674,0.375,1303.0,0.06086666666666666,1.0,1187.21,0.22824999999999998
675,0.75,988.0999999999999,0.03516666666666667,0.875,948.94,0.131875
676,0.25,1248.5,0.09240000000000001,0.625,1142.88,0.34650000000000003
677,0.375,971.8,0.15006666666666668,1.0,881.6,0.56275
678,0.5,1199.6,0.08725000000000001,0.625,1100.31,0.311
679,0.5,1173.3,0.08325,0.75,1072.23,0.3121875
680,0.625,1023.0,0.10184,0.875,963.9000000000001,0.3819
681,0.625,1238.3,0.0744,0.625,1129.44,0.28800000000000003
682,0.375,922.2,0.1414,1.0,842.86,0.53025
683,0.625,950.1,0.10392000000000001,0.875,871.36,0.3969375
684,0.625,1189.7,0.06344000000000001,0.625,1097.87,0.21431250000000002
685,0.75,1103.2,0.07603333333333333,0.5,1023.3000000000001,0.2265
686,0.625,1016.5,0.08508000000000002,1.0,952.13,0.31905
687,0.5,1088.2,0.07475000000000001,0.625,999.49,0.27975
688,0.75,1004.7,0.062166666666666676,0.875,946.09,0.23312500000000003
689,0.625,1076.3,0.056920000000000005,0.75,1002.57,0.21345
690,0.5,1002.9000000000001,0.11205000000000001,1.0,918.95,0.4201875
691,0.375,948.7,0.11553333333333334,1.0,867.22,0.43324999999999997
692,0.375,1291.2,0.06793333333333333,0.75,1176.37,0.25475
693,0.375,1213.7,0.06326666666666668,0.625,1111.57,0.23725000000000004
694,0.75,1036.2,0.10056666666666668,0.875,947.28,0.377125
695,0.25,1721.9,0.0408,0.5,1572.41,0.1005
696,0.625,837.3,0.11212,0.875,773.53,0.42045000000000005
697,0.75,1094.4,0.06470000000000001,1.0,1027.17,0.242625
698,0.625,1047.8,0.09759999999999999,0.875,975.2900000000001,0.374625
699,0.625,1191.6,0.03476,0.75,1121.53,0.13035000000000002
700,0.375,1013.6,0.09000000000000001,1.0,937.4000000000001,0.3375000000000001
701,0.5,1063.0,0.09795000000000001,0.875,966.19,0.36731250000000004
702,0.75,957.9,0.08823333333333333,1.0,891.3199999999999,0.330875
703,0.375,1223.3,0.07600000000000001,0.5,1136.7,0.285
704,0.875,1155.9,0.07214285714285715,0.75,1065.74,0.26894999999999997
705,0.875,744.2,0.06762857142857144,0.875,715.17,0.25360714285714286
706,0.75,944.3,0.073,0.75,887.71,0.2814
707,0.625,1207.2,0.05944000000000001,0.75,1119.99,0.2154375
708,0.5,788.3,0.12005,1.0,728.34,0.4501875
709,0.75,1328.6,0.055966666666666665,0.875,1246.8000000000002,0.209875
710,0.875,631.8,0.12462857142857144,1.0,605.9399999999999,0.46735714285714286
711,0.5,1457.1,0.0673,0.5,1321.7,0.23275
712,0.75,832.7,0.08486666666666669,0.875,780.4,0.31825
713,0.875,845.0,0.09645714285714287,0.75,800.85,0.343625
714,0.375,1516.5,0.0588,0.75,1378.6100000000001,0.21075
715,0.625,1294.3,0.05772000000000001,0.625,1191.5,0.2469375
716,0.625,667.6,0.10316,0.875,626.37,0.38685
717,0.5,1231.8,0.060950000000000004,0.625,1127.67,0.2115
718,0.75,608.3,0.15933333333333335,1.0,570.68,0.5975
719,0.625,1189.3,0.07392000000000001,0.75,1096.79,0.274125
720,0.875,1165.2,0.05542857142857143,1.0,1091.21,0.20785714285714288
721,0.5,1529.3999999999999,0.0685,0.625,1389.48,0.256875
722,0.75,1067.9,0.07193333333333334,0.75,1008.74,0.2778
723,0.625,1086.3,0.08196,0.625,1014.86,0.30734999999999996
724,0.75,615.6999999999999,0.15283333333333335,1.0,534.9399999999999,0.573125
725,0.5,1190.3,0.06725,0.5,1099.38,0.28650000000000003
726,0.25,1585.7,0.037200000000000004,0.625,1441.13,0.1395
727,0.625,1234.3,0.07452,0.875,1149.57,0.27945000000000003
728,0.75,861.0,0.09063333333333334,0.75,819.85,0.34545
729,0.625,870.1,0.12328000000000001,1.0,793.94,0.46230000000000004
730,0.375,1291.4,0.076,1.0,1177.3700000000001,0.285
731,0.5,1304.3,0.07285,0.75,1202.66,0.2731875
732,0.75,1176.3,0.06443333333333334,0.75,1114.01,0.2292
733,0.5,1066.5,0.0978,1.0,987.4000000000001,0.36675
734,0.375,1161.1,0.08839999999999999,0.625,1071.91,0.33149999999999996
735,0.75,896.2,0.09683333333333334,0.875,829.83,0.35069999999999996
736,0.5,1370.1,0.06135,0.875,1272.83,0.2300625
737,0.75,1242.9,0.05330000000000001,0.625,1134.75,0.19199999999999998
738,0.5,1052.4,0.07680000000000001,0.875,970.36,0.28800000000000003
739,0.75,1281.9,0.050633333333333336,0.875,1199.08,0.19005
740,0.875,998.0,0.06074285714285715,0.875,950.74,0.22778571428571429
741,0.75,889.7,0.0654,0.625,846.28,0.24045
742,0.5,938.8,0.11485000000000001,0.875,858.45,0.4306875
743,0.625,718.5,0.11712,1.0,681.96,0.4391999999999999
744,0.375,1517.4,0.06113333333333334,0.625,1372.59,0.225375
745,0.625,1020.8000000000001,0.09004000000000001,0.625,952.77,0.368625
746,0.625,789.2,0.13452000000000003,0.875,718.49,0.48712500000000003
747,0.875,882.5,0.10945714285714285,1.0,810.37,0.4104642857142857
748,0.5,806.4,0.08095000000000001,0.625,765.4300000000001,0.30356249999999996
749,0.5,1239.3,0.09095,0.75,1125.79,0.34425000000000006
750,0.875,1196.7,0.06454285714285714,0.875,1101.7,0.24625
751,0.5,1153.0,0.0635,0.875,1064.24,0.238125
752,0.625,1168.7,0.09372,0.875,1079.33,0.322125
753,0.375,1488.6,0.07653333333333334,0.5,1349.24,0.30037500000000006
754,0.375,1484.4,0.05940000000000001,0.625,1357.09,0.22275
755,0.625,1342.9,0.04708,0.75,1234.0800000000002,0.2038125
756,0.625,852.5,0.12380000000000002,1.0,785.6800000000001,0.46425
757,0.625,1056.8,0.07008,0.625,984.54,0.2806875
758,0.5,1139.3000000000002,0.06970000000000001,0.875,1037.93,0.261375
759,0.5,1624.3999999999999,0.0637,0.625,1477.9099999999999,0.26175
760,0.5,1067.9,0.0887,0.75,982.75,0.332625
761,0.375,1336.6,0.069,0.875,1231.98,0.25875
762,0.625,1238.1,0.05992000000000001,0.625,1134.46,0.2326875
763,0.875,949.8,0.07402857142857143,0.75,896.25,0.299
764,0.5,738.7,0.09185,1.0,686.4300000000001,0.3444375
765,0.875,1078.8,0.11014285714285714,0.875,999.86,0.4130357142857143
766,0.625,1401.7,0.05384,0.875,1303.82,0.20190000000000002
767,0.5,885.1,0.13485000000000003,1.0,815.6500000000001,0.5056875
768,0.5,1228.2,0.10220000000000001,0.75,1124.18,0.38325
769,0.25,1386.0,0.10660000000000001,0.875,1247.4,0.39975000000000005
770,0.75,1101.5,0.07100000000000001,1.0,1038.51,0.26625000000000004
771,0.75,804.1,0.10616666666666667,0.875,770.38,0.398125
772,0.25,1189.9,0.0718,0.625,1083.08,0.26925
773,0.5,1305.3,0.0898,0.75,1199.82,0.33675
774,0.75,1164.1,0.06973333333333333,0.5,1086.94,0.2814375
775,0.375,1191.3,0.08166666666666667,0.875,1093.63,0.30624999999999997
776,0.75,628.5,0.1072,0.875,594.96,0.40199999999999997
777,0.625,1311.9,0.08180000000000001,0.875,1216.79,0.30674999999999997
778,0.5,1431.3,0.04075,0.875,1316.46,0.15
779,0.625,1392.2,0.06596,0.875,1269.48,0.24735000000000001
780,0.625,1524.8,0.0674,0.625,1381.35,0.23525
781,0.75,1052.0,0.08996666666666668,0.75,962.9100000000001,0.33675
782,0.625,1376.0,0.06248,0.5,1269.88,0.2491875
783,0.5,1300.0,0.07155,0.75,1200.63,0.2683125
784,0.375,1493.0,0.044000000000000004,0.625,1372.69,0.165
785,0.5,1122.8,0.10350000000000001,0.75,1024.3400000000001,0.41050000000000003
786,0.375,1416.6,0.0468,0.5,1292.53,0.19687500000000002
787,0.625,1443.1999999999998,0.060320000000000006,0.625,1317.52,0.230625
788,0.5,1004.0,0.12065000000000001,0.75,915.8100000000001,0.45243750000000005
789,0.75,865.0,0.11896666666666667,1.0,793.05,0.44612500000000005
790,0.5,934.6999999999999,0.09380000000000001,0.875,859.5,0.35175
791,0.75,620.1,0.12036666666666666,0.875,582.39,0.451375
792,0.75,725.2,0.10593333333333334,0.875,679.3199999999999,0.39725000000000005
793,0.75,1157.9,0.07443333333333334,0.625,1063.43,0.28845
794,0.75,1383.4,0.05853333333333333,0.625,1260.62,0.22110000000000002
795,0.625,1432.5,0.06292,0.625,1309.1000000000001,0.23831249999999998
796,0.875,996.9,0.06311428571428572,0.875,935.16,0.251875
797,0.625,932.2,0.11112,0.875,853.31,0.41669999999999996
798,0.75,940.1,0.0766,0.875,879.6600000000001,0.2838
799,0.5,1539.5,0.0386,0.625,1434.86,0.14475
800,0.75,1119.0,0.05856666666666668,0.75,1043.63,0.219625
801,0.75,877.8,0.06896666666666668,0.75,840.11,0.258625
802,0.625,1017.4000000000001,0.0972,0.625,946.9200000000001,0.36656249999999996
803,0.375,1151.3,0.13360000000000002,0.875,1042.91,0.501
804,0.375,1697.9,0.05513333333333333,0.875,1539.4,0.20675
805,0.75,658.0,0.13223333333333334,0.875,612.86,0.4896
806,0.75,978.1,0.08013333333333333,0.75,913.61,0.288
807,0.5,958.0,0.0945,1.0,889.76,0.354375
808,0.375,1485.7,0.0542,0.375,1363.24,0.20325000000000001
809,0.5,916.5,0.0893,0.75,849.0600000000001,0.33487500000000003
810,0.625,744.3,0.11440000000000002,0.875,687.92,0.429
811,0.625,889.0,0.12588000000000002,1.0,828.45,0.47205
812,0.5,1314.2,0.0954,0.875,1195.89,0.41250000000000003
813,0.625,1005.5,0.0762,0.875,950.35,0.28575
814,0.625,896.5,0.0946,1.0,843.37,0.35475
815,0.625,1045.6,0.09836,0.5,959.93,0.366375
816,0.375,858.1,0.13533333333333333,0.875,791.7900000000001,0.5075
817,0.625,1045.7,0.0648,1.0,972.72,0.24299999999999997
818,0.125,1430.4,0.05620000000000001,0.375,1302.16,0.21075000000000002
819,0.5,1365.6,0.06905,0.875,1264.43,0.27375
820,0.5,1725.6999999999998,0.0671,0.5,1566.03,0.27225
821,0.875,957.2,0.10217142857142858,0.875,881.3,0.38325000000000004
822,0.5,1620.8,0.05865000000000001,0.5,1514.41,0.2199375
823,0.375,773.3,0.11626666666666667,0.75,711.0600000000001,0.43599999999999994
824,0.5,1029.0,0.09955,1.0,964.48,0.3733125
825,0.875,779.5,0.0968,1.0,734.9100000000001,0.363
826,0.25,1983.6,0.0317,0.5,1817.46,0.118875
827,0.875,673.7,0.08305714285714286,0.875,644.97,0.3114642857142857
828,0.625,1135.8,0.08172,0.75,1034.54,0.2949375
829,0.75,702.6,0.08293333333333335,0.75,671.5,0.311
830,0.5,1291.6,0.08510000000000001,0.625,1166.67,0.28025
831,0.625,827.7,0.09984000000000001,1.0,771.03,0.3744
832,0.5,1369.3,0.06420000000000001,0.5,1273.02,0.24075000000000002
833,0.75,900.0,0.09323333333333333,1.0,847.99,0.349625
834,0.625,1629.9,0.05744000000000001,0.5,1502.16,0.20925000000000002
835,0.5,1282.2,0.05715,0.75,1186.42,0.2143125
836,0.125,1163.6,0.1282,0.875,1055.8400000000001,0.48075
837,0.5,1449.5,0.05715,0.375,1317.15,0.26225
838,0.625,1269.5,0.05464,0.875,1169.46,0.223875
839,0.625,973.3000000000001,0.07876000000000001,0.75,905.78,0.29535
840,0.25,1116.5,0.10700000000000001,1.0,1010.2500000000001,0.40125
841,0.25,1427.3,0.0748,0.625,1302.3700000000001,0.28049999999999997
842,0.875,486.0,0.1515142857142857,1.0,440.11,0.5681785714285714
843,0.375,1521.6,0.06486666666666667,0.75,1376.06,0.24325
844,0.5,1052.0,0.11305000000000001,0.875,961.78,0.428
845,0.625,1060.5,0.09456,0.625,967.4100000000001,0.3178125
846,0.375,1386.1,0.08906666666666668,0.625,1279.19,0.334
847,0.375,1004.4,0.09060000000000001,0.75,931.09,0.33975
848,0.625,1433.6,0.04968,0.75,1331.98,0.1725
849,0.75,1093.2,0.07450000000000001,0.875,1014.95,0.2643
850,0.375,1207.4,0.06746666666666667,0.5,1109.48,0.253
851,0.625,904.0,0.08327999999999999,0.875,864.19,0.3123
852,0.5,1033.4,0.10140000000000002,0.75,952.3,0.38025
853,0.75,873.5,0.08756666666666667,0.875,808.3,0.3396
854,0.625,933.6,0.11696,1.0,856.6,0.4386
855,0.375,1176.2,0.07740000000000001,1.0,1070.33,0.29025
856,0.625,995.5999999999999,0.09496000000000002,0.875,924.38,0.35609999999999997
857,0.5,931.9000000000001,0.1302,1.0,842.9200000000001,0.48825
858,0.625,874.4,0.08636,0.5,810.5799999999999,0.3159375
859,0.875,901.0,0.08834285714285715,0.875,838.98,0.336
860,0.625,695.0,0.10708,0.875,651.4300000000001,0.40155
861,0.625,1137.2,0.09744,0.625,1048.48,0.342375
862,0.75,708.6,0.13460000000000003,1.0,655.58,0.50475
863,0.5,1023.9000000000001,0.1159,1.0,933.97,0.43462500000000004
864,0.75,1186.9,0.06110000000000001,0.875,1094.71,0.229125
865,0.375,1361.8,0.055600000000000004,0.625,1236.81,0.23924999999999996
866,0.625,798.5,0.11028,0.875,732.48,0.41355000000000003
867,0.375,1029.0,0.10546666666666667,1.0,931.1899999999999,0.3955
868,0.5,887.6,0.12965,1.0,819.22,0.4861875
869,0.5,1160.4,0.06890000000000002,0.875,1080.57,0.258375
870,0.75,1005.6,0.0919,1.0,944.7,0.344625
871,0.5,1042.0,0.05405,0.625,967.76,0.2026875
872,0.5,1221.4,0.0666,1.0,1122.83,0.24975
873,0.75,1025.8,0.07663333333333334,1.0,963.36,0.287375
874,0.75,758.2,0.1203,0.75,707.52,0.44295
875,0.5,970.1,0.094,0.625,895.27,0.32425
876,0.5,933.4,0.07980000000000001,0.75,854.55,0.29925
877,0.625,752.8,0.10984000000000001,1.0,707.7900000000001,0.4119
878,0.5,1481.1,0.044950000000000004,0.625,1378.16,0.1685625
879,0.75,969.4,0.09586666666666667,1.0,894.61,0.3595
880,0.625,971.0,0.12696000000000002,1.0,887.14,0.4760999999999999
881,0.625,1392.4,0.0536,0.625,1289.49,0.1855
882,0.875,711.2,0.1,1.0,685.3,0.375
883,0.625,1088.8,0.09656,1.0,997.1700000000001,0.3621
884,0.75,794.6,0.09533333333333333,1.0,747.5600000000001,0.3575
885,0.875,942.9,0.10005714285714286,0.5,868.4300000000001,0.3451875
886,0.375,1763.9,0.06946666666666666,0.75,1612.77,0.2605
887,0.375,1865.4,0.04086666666666666,0.375,1690.25,0.12974999999999998
888,0.5,878.5,0.11145000000000001,0.875,817.4000000000001,0.41793749999999996
889,0.5,1298.6,0.06135,0.75,1210.96,0.2300625
890,0.25,1313.5,0.063,0.875,1198.3500000000001,0.23625000000000002
891,0.625,619.4,0.14856,1.0,496.29,0.5570999999999999
892,0.75,978.2,0.08506666666666668,0.875,915.04,0.319
893,0.5,1112.4,0.06865,0.75,1006.2800000000001,0.23175
894,0.5,1108.8,0.08875,1.0,1029.57,0.3328125
895,0.625,860.8,0.12784,1.0,794.3000000000001,0.47940000000000005
896,0.625,1440.6,0.046200000000000005,0.75,1337.23,0.1768125
897,0.5,761.4,0.1064,0.875,707.65,0.39899999999999997
898,0.625,1296.6,0.05772000000000001,0.875,1221.15,0.21645000000000003
899,0.625,721.6,0.12896000000000002,1.0,583.0,0.48360000000000003
900,0.875,641.8,0.09142857142857144,0.875,616.14,0.338125
901,0.625,1374.0,0.049,0.625,1263.1100000000001,0.20775
902,0.625,847.6,0.09156,0.75,800.4200000000001,0.34335
903,0.75,849.5,0.0913,1.0,796.57,0.34237500000000004
904,0.625,1152.2,0.05884,0.625,1071.6,0.22143749999999998
905,0.25,1242.2,0.0711,0.625,1140.0900000000001,0.266625
906,0.625,682.6,0.11672,1.0,640.43,0.4377
907,1.0,719.0,0.0829,0.875,678.34,0.3237857142857143
908,0.5,890.5,0.1081,0.75,818.4200000000001,0.35600000000000004
909,0.875,871.0,0.08308571428571429,0.875,804.14,0.27587500000000004
910,0.5,804.0,0.08905,0.875,743.84,0.3339375
911,0.5,891.6,0.12195,0.875,814.3399999999999,0.4573125
912,0.625,765.5,0.11688000000000001,1.0,711.11,0.4383
913,0.375,1485.2,0.07666666666666667,0.75,1368.89,0.28750000000000003
914,0.375,1022.0,0.1038,0.625,924.5,0.38925000000000004
915,0.625,769.6,0.13612000000000002,1.0,711.15,0.51045
916,0.375,1057.9,0.12626666666666667,0.875,957.44,0.47350000000000003
917,0.625,1147.1,0.07864,0.875,1049.78,0.327
918,0.625,814.1,0.11116000000000001,1.0,752.1500000000001,0.41685
919,0.75,653.9,0.14936666666666668,0.875,475.51,0.560125
920,0.625,1053.6,0.08664000000000001,1.0,963.98,0.32489999999999997
921,0.625,781.5,0.09812000000000001,1.0,732.61,0.36795
922,0.625,996.8,0.10840000000000001,0.75,916.01,0.40275
923,0.75,1494.8,0.06586666666666667,0.5,1386.14,0.23325
924,0.625,1105.0,0.11144000000000001,1.0,999.62,0.41790000000000005
925,0.625,1411.3,0.050519999999999995,0.625,1292.8400000000001,0.18945
926,0.75,937.5,0.10503333333333335,0.875,865.52,0.39387500000000003
927,0.375,1648.9,0.07186666666666668,0.75,1497.41,0.289875
928,0.375,1431.5,0.05773333333333334,0.625,1323.1100000000001,0.2165
929,0.5,1144.1,0.08645,0.875,1062.16,0.3241875
930,0.5,1167.8,0.0701,0.625,1062.46,0.28775
931,0.5,1027.5,0.1047,0.75,938.1800000000001,0.392625
932,0.875,1018.9,0.09205714285714287,0.875,957.72,0.349625
933,0.375,1584.9,0.0604,0.625,1436.25,0.2265
934,0.5,1177.7,0.05645,0.75,1103.38,0.20725000000000002
935,0.5,1048.5,0.099,0.75,965.77,0.37125
936,0.25,1306.2,0.1004,0.875,1181.97,0.37649999999999995
937,0.5,965.5,0.08225000000000002,0.75,884.39,0.30843750000000003
938,0.5,1021.7,0.1352,0.75,927.72,0.507
939,0.625,858.9,0.11712,0.625,793.27,0.451125
940,0.75,850.3,0.10606666666666666,1.0,788.58,0.39775
941,0.625,1141.0,0.07644,0.75,1057.7,0.3283125
942,0.375,1363.5,0.07753333333333334,0.75,1231.71,0.29075
943,0.75,667.9,0.14096666666666668,1.0,527.97,0.528625
944,0.5,988.6,0.08635,0.875,927.28,0.32381249999999995
945,0.75,933.5,0.08583333333333333,0.625,858.65,0.3485625
946,0.5,1310.0,0.0755,0.625,1199.56,0.2525
947,0.375,1161.4,0.05760000000000001,0.625,1078.26,0.216
948,0.5,1246.6000000000001,0.058,0.75,1166.54,0.2175
949,0.625,972.8000000000001,0.06624000000000001,0.875,898.32,0.24412499999999998
950,0.75,946.1,0.05203333333333334,0.875,884.06,0.195125
951,0.75,1112.3,0.07066666666666667,0.75,1035.76,0.2655
952,0.75,859.6,0.1221,0.875,795.4000000000001,0.43784999999999996
953,0.625,1512.7,0.05648000000000001,0.625,1384.6100000000001,0.2049375
954,0.25,1593.7,0.065,0.625,1434.33,
955,0.875,723.8,0.0978,0.875,684.8,0.38587499999999997
956,0.625,986.2,0.09244,0.875,908.61,0.34665
957,0.75,722.3,0.13803333333333334,1.0,670.78,0.517625
958,0.25,1686.2,0.027500000000000004,0.375,1542.3600000000001,0.10312500000000001
959,0.25,991.1,0.13140000000000002,0.875,900.12,0.63525
960,0.375,1553.3,0.05633333333333334,0.625,1406.6100000000001,0.203625
961,0.375,1410.5,0.07393333333333334,1.0,1283.24,0.27725
962,0.75,1329.2,0.058600000000000006,0.75,1236.83,0.2098125
963,0.75,1242.3999999999999,0.04783333333333334,0.75,1162.96,0.1884
964,0.625,808.6,0.11580000000000001,1.0,750.91,0.43425
965,0.5,1344.5,0.0744,0.25,1217.22,0.280875
966,0.625,890.5,0.09952000000000001,0.75,812.99,0.3774375
967,0.75,972.1,0.06996666666666668,0.75,914.95,0.262375
968,0.5,842.4,0.1331,0.875,785.94,0.499125
969,0.625,1022.1,0.0714,0.875,962.34,0.26775000000000004
970,0.625,1081.5,0.07564,1.0,992.8,0.28365
971,0.5,1351.9,0.06925,0.625,1250.18,0.27175
972,0.5,1499.1,0.0668,0.5,1372.33,0.24
973,0.75,924.8000000000001,0.11380000000000001,1.0,859.02,0.42675
974,0.625,1026.8,0.07783999999999999,0.875,955.86,0.300375
975,0.5,1454.6,0.057050000000000003,0.625,1366.57,0.2139375
976,0.875,771.9,0.1256,1.0,716.13,0.47100000000000003
977,0.625,1090.1,0.0666,0.625,997.61,0.278625
978,0.375,1444.9,0.039200000000000006,0.75,1319.47,0.11587499999999999
979,0.75,1460.2,0.05516666666666667,0.75,1344.24,0.21600000000000003
980,0.875,1127.2,0.05134285714285714,0.625,1073.69,0.13979999999999998
981,0.625,957.0,0.1014,1.0,878.4,0.38025000000000003
982,1.0,737.6,0.10560000000000001,0.875,692.52,0.40424999999999994
983,0.625,883.1,0.08152000000000001,0.75,823.1800000000001,0.30569999999999997
984,0.375,699.1,0.1746,1.0,402.89,0.65475
985,0.5,1190.9,0.08885000000000001,1.0,1093.34,0.33318749999999997
986,0.625,1214.8,0.09308000000000001,0.75,1101.3600000000001,0.35550000000000004
987,0.5,1358.9,0.04635,0.75,1242.99,0.214125
988,0.625,1177.2,0.08571999999999999,0.75,1091.33,0.32145
989,0.375,970.7,0.12513333333333335,0.625,886.5500000000001,0.46925
990,0.75,630.4,0.1334,1.0,586.41,0.50025
991,0.75,724.5,0.09546666666666669,0.875,672.98,0.35800000000000004
992,0.375,1505.6,0.07940000000000001,0.5,1388.33,0.29775
993,0.625,1535.3999999999999,0.04908,0.625,1409.98,0.19537500000000002
994,1.0,924.0,0.04265,0.875,905.37,0.15257142857142858
995,0.625,1367.3,0.0754,0.625,1266.5500000000002,0.26475
996,0.75,1208.2,0.0629,1.0,1138.1,0.23587499999999997
997,0.75,1192.1000000000001,0.04306666666666667,0.75,1107.15,0.1671
998,0.375,1088.7,0.10760000000000002,1.0,1005.05,0.4035
999,0.375,1408.6,0.0502,0.25,1287.48,0.195
1000,0.625,1020.8,0.09268000000000001,0.625,931.4000000000001,0.33725000000000005
1001,0.5,990.0,0.1102,0.875,915.33,0.41325
1002,0.625,1135.0,0.07888,0.75,1045.3600000000001,0.3046875
1003,0.25,946.0,0.126,1.0,861.0600000000001,0.47250000000000003
1004,1.0,706.4,0.1009,0.875,678.06,0.37392857142857144
1005,0.5,1434.3,0.06585,0.75,1310.69,0.27775
1006,0.625,1236.6,0.10872000000000001,0.75,1141.2,0.4077
1007,0.75,1136.5,0.06303333333333334,0.875,1045.91,0.236375
1008,0.5,1114.7,0.10925,0.875,1029.3,0.4096875
1009,0.625,864.6,0.09692,1.0,810.28,0.36345
1010,0.25,1294.5,0.081,0.75,1175.2,0.30374999999999996
1011,0.5,1521.6,0.056400000000000006,0.75,1414.44,0.2115
1012,0.25,1519.7,0.0809,0.625,1385.63,0.303375
1013,0.375,1250.0,0.05513333333333334,0.5,1147.97,0.21525
1014,0.625,1567.4,0.04508,0.75,1447.05,0.1794375
1015,0.625,1220.8,0.0684,0.75,1130.79,0.249
1016,0.5,1334.0,0.06365000000000001,0.5,1238.42,0.23868750000000002
1017,0.75,1075.0,0.07593333333333334,0.875,1002.2,0.28475
1018,0.625,1094.4,0.10616,0.625,992.79,0.3585
1019,0.75,1064.5,0.06803333333333333,1.0,1015.6,0.255125
1020,0.625,1180.6,0.08656,0.625,1075.96,0.32975
1021,0.5,1020.3,0.08795,0.375,940.74,0.33175
1022,0.625,1120.7,0.06924,0.875,1044.76,0.25965
1023,0.625,1130.4,0.08664000000000001,1.0,1051.97,0.3249
1024,0.75,744.5,0.10960000000000002,1.0,702.1700000000001,0.41100000000000003
1025,0.625,1259.5,0.059320000000000005,0.875,1144.32,0.22931249999999997
1026,0.875,766.6,0.132,1.0,710.87,0.495
1027,0.5,1234.2,0.08705000000000002,0.625,1132.34,0.3264375
1028,0.625,835.8000000000001,0.07552,0.625,792.4200000000001,0.2832
1029,0.75,671.3000000000001,0.14453333333333335,0.875,532.5600000000001,0.52935
1030,0.625,960.4,0.13076000000000002,1.0,882.96,0.49035
1031,0.625,1166.6,0.03476,0.625,1079.73,0.124125
1032,0.75,1030.3,0.11073333333333334,0.875,946.02,0.39585
1033,0.625,1282.7,0.059719999999999995,0.375,1188.07,0.23399999999999999
1034,0.5,1256.2,0.08875,0.5,1159.04,0.34149999999999997
1035,0.25,1485.6,0.0794,0.75,1357.4,0.25949999999999995
1036,0.375,1066.9,0.09780000000000001,0.625,969.05,0.3465
1037,0.875,656.5,0.13734285714285716,1.0,604.29,0.5150357142857143
1038,0.75,898.9,0.104,0.875,849.54,0.38999999999999996
1039,0.625,1029.2,0.06736,0.875,978.1,0.2526
1040,0.625,1198.5,0.06908,1.0,1117.96,0.25905
1041,0.625,909.1,0.13388000000000003,1.0,833.8000000000001,0.50205
1042,0.5,1009.6,0.09405000000000001,1.0,934.4000000000001,0.35268750000000004
1043,0.5,810.8,0.1406,1.0,743.86,0.52725
1044,0.5,1045.6,0.1106,0.875,955.96,0.41475
1045,1.0,771.8,0.08102500000000001,1.0,753.53,0.30384375
1046,0.25,960.1,0.09939999999999999,0.625,880.84,0.37274999999999997
1047,0.75,892.1,0.11750000000000001,1.0,811.87,0.440625
1048,0.75,953.7,0.0635,0.625,889.9100000000001,0.24089999999999998
1049,0.75,1161.4,0.05783333333333334,0.75,1076.53,0.199125
1050,0.375,1342.7,0.07373333333333333,0.875,1232.81,0.2765
1051,0.75,908.0,0.09353333333333334,1.0,850.12,0.35075000000000006
1052,0.5,993.1,0.07295,0.625,919.25,0.19400000000000003
1053,0.375,1437.0,0.06813333333333334,0.75,1304.3400000000001,0.2555
1054,0.375,925.6,0.1404,1.0,844.77,0.5265
1055,0.25,1561.0,0.062,0.75,1415.88,0.17400000000000002
1056,0.375,1161.6,0.07353333333333334,0.875,1064.21,0.27575
1057,0.625,865.6,0.12128000000000001,1.0,794.4100000000001,0.4548
1058,0.375,1290.5,0.11253333333333333,0.75,1166.01,0.406125
1059,0.75,904.0999999999999,0.0857,0.875,854.33,0.3144
1060,0.625,950.4,0.096,0.75,877.72,0.38268749999999996
1061,0.75,888.2,0.1003,0.75,827.77,0.3748125
1062,0.5,1142.6,0.09275,0.875,1062.79,0.34781249999999997
1063,0.625,1487.1,0.046560000000000004,0.75,1352.23,0.189
1064,0.625,852.1999999999999,0.12236,0.875,793.9,0.45885
1065,0.375,1486.0,0.05146666666666667,0.5,1356.29,0.20174999999999998
1066,0.875,974.5,0.1088857142857143,1.0,890.49,0.40832142857142856
1067,0.875,1095.5,0.0374,0.875,1046.38,0.13549999999999998
1068,0.75,1206.1,0.061733333333333335,0.75,1118.62,0.2154375
1069,0.5,1092.7,0.0888,0.75,1007.9799999999999,0.333
1070,0.25,1286.6,0.06760000000000001,0.625,1177.66,0.25349999999999995
1071,0.5,1319.4,0.06035000000000001,0.625,1203.47,0.2263125
1072,0.375,896.5,0.12533333333333332,1.0,813.1700000000001,0.47000000000000003
1073,0.5,984.3,0.12530000000000002,1.0,901.3900000000001,0.469875
1074,0.625,1550.1,0.0252,0.5,1422.42,0.12074999999999998
1075,0.625,633.2,0.10792000000000002,0.75,599.71,0.40470000000000006
1076,0.5,1002.0,0.12065000000000001,1.0,911.29,0.4524375
1077,0.625,1005.7,0.11228,0.75,915.72,0.42105
1078,0.75,1110.4,0.06206666666666668,0.75,1021.9000000000001,0.2266875
1079,0.625,974.8,0.10512000000000002,1.0,900.79,0.3942
1080,0.5,1205.9,0.08410000000000001,0.5,1109.98,0.31
1081,0.625,835.8,0.11548,1.0,784.71,0.43305
1082,0.625,1307.7,0.07980000000000001,0.375,1210.26,0.318
1083,0.625,1179.3,0.07096000000000001,0.75,1087.81,0.2661
1084,0.75,1185.9,0.05306666666666667,1.0,1109.3600000000001,0.19899999999999998
1085,0.875,1036.9,0.0576,0.875,984.64,0.216
1086,0.625,1209.9,0.06484000000000001,0.75,1114.42,0.252375
1087,0.5,947.3000000000001,0.07725000000000001,0.625,877.52,0.2896875
1088,0.625,1184.7,0.06772,0.875,1088.63,0.26156250000000003
1089,0.75,951.9,0.07736666666666668,0.75,888.75,0.29474999999999996
1090,0.75,782.5,0.11143333333333334,1.0,691.12,0.417875
1091,0.625,1141.1,0.10064,0.75,1034.8400000000001,0.37399999999999994
1092,0.5,1355.1,0.07905000000000001,0.875,1239.18,0.2964375
1093,0.625,1815.0,0.02656,0.625,1660.5600000000002,0.0996
1094,1.0,865.0,0.07350000000000001,1.0,829.15,0.275625
1095,0.5,1243.3,0.06895000000000001,0.875,1139.62,0.25856250000000003
1096,0.625,1305.7,0.05212,0.875,1208.73,0.19544999999999998
1097,0.875,818.0,0.08585714285714287,0.875,784.94,0.30912500000000004
1098,0.875,545.3,0.11465714285714286,1.0,533.55,0.4299642857142857
1099,0.625,1306.2,0.08164,1.0,1203.89,0.30615000000000003
1100,0.75,649.3,0.11333333333333334,0.75,623.1800000000001,0.42500000000000004
1101,0.5,1237.1000000000001,0.0814,0.625,1141.3600000000001,0.30525
1102,0.375,1178.8,0.10066666666666668,0.625,1079.96,0.37274999999999997
1103,0.5,844.1,0.127,0.5,788.08,0.48150000000000004
1104,0.625,1543.8,0.032479999999999995,0.625,1416.29,0.0755
1105,0.5,1121.1,0.1119,0.75,1021.97,0.40775
1106,0.5,836.6,0.14825,1.0,688.66,0.5559375
1107,0.75,613.7,0.12363333333333333,1.0,585.69,0.463625
1108,0.375,1369.6,0.06626666666666665,0.5,1261.06,0.24850000000000003
1109,0.625,778.4,0.08196,0.75,746.46,0.30735
1110,0.5,859.5,0.14255,1.0,655.0500000000001,0.5345625
1111,0.75,1033.1,0.0671,0.75,968.55,0.251625
1112,0.625,819.3,0.11548,0.875,762.97,0.43305
1113,0.625,1186.9,0.08504,0.5,1075.1,0.29437499999999994
1114,0.5,1232.7,0.079,0.625,1141.48,0.29625
1115,0.375,997.2,0.13933333333333334,1.0,897.48,0.5225
1116,0.5,964.1999999999999,0.12390000000000001,0.75,879.0799999999999,0.45275
1117,0.75,1156.8,0.05840000000000001,0.5,1099.63,0.25425
1118,0.375,972.4,0.1114,1.0,887.4200000000001,0.41775
1119,0.75,1578.3999999999999,0.03996666666666667,0.5,1494.53,0.15
1120,0.25,1525.3,0.05990000000000001,0.875,1381.25,0.22462500000000002
1121,0.5,1178.7,0.0865,0.75,1077.41,0.29000000000000004
1122,0.5,1184.7,0.059550000000000006,0.625,1083.97,0.2233125
1123,0.75,938.8,0.09133333333333334,0.875,876.86,0.3201
1124,0.625,1171.4,0.06624000000000001,0.75,1101.7,0.2484
1125,0.875,932.8,0.06665714285714286,0.625,889.99,0.22694999999999999
1126,0.875,774.9,0.09925714285714286,1.0,729.9,0.3722142857142857
1127,0.375,1204.2,0.10880000000000001,1.0,1097.91,0.408
1128,0.75,669.6,0.14123333333333335,0.875,632.06,0.529625
1129,0.625,1143.6,0.07156,0.75,1045.6200000000001,0.24575
1130,0.75,1093.0,0.07386666666666668,0.875,1016.85,0.277
1131,0.75,664.2,0.1471,0.875,589.0699999999999,0.56145
1132,0.625,1010.5,0.10980000000000001,1.0,913.7,0.41174999999999995
1133,0.625,925.0,0.10800000000000001,1.0,863.39,0.40499999999999997
1134,0.625,1437.2,0.050280000000000005,0.625,1326.78,0.209
1135,0.5,750.0,0.12305,0.875,686.39,0.4614375
1136,0.875,767.9,0.10382857142857142,0.75,724.36,0.39999999999999997
1137,0.625,1610.6,0.04440000000000001,0.5,1463.02,0.1555
1138,0.375,1173.3,0.10946666666666667,0.625,1068.13,0.41625
1139,0.625,1330.6,0.05791999999999999,0.875,1229.17,0.225375
1140,0.625,774.3,0.11844000000000002,1.0,710.62,0.44415000000000004
1141,0.25,862.6,0.09840000000000002,0.875,798.47,0.369
1142,0.25,1194.5,0.09920000000000001,0.875,1081.25,0.372
1143,0.375,1273.3,0.05466666666666667,0.625,1172.16,0.205
1144,0.5,915.2,0.11065000000000001,0.875,837.0300000000001,0.4149375
1145,0.625,1381.6,0.05284,0.5,1270.71,0.2068125
1146,0.5,1144.2,0.06995000000000001,0.625,1046.49,0.2695
1147,0.5,1293.8,0.0857,0.625,1168.55,0.32137499999999997
1148,0.625,1040.4,0.08664000000000001,1.0,967.28,0.32489999999999997
1149,0.375,1540.5,0.04073333333333334,0.625,1422.82,0.15275000000000002
1150,1.0,728.9,0.07295,0.75,692.27,0.276125
1151,0.625,1100.2,0.0476,0.75,1035.42,0.1785
1152,0.25,1131.1,0.0816,0.625,1057.9,0.30599999999999994
1153,0.625,1052.7,0.09972,1.0,955.47,0.37395
1154,0.625,902.6999999999999,0.09536,0.875,850.75,0.3576
1155,0.75,1240.7,0.0761,0.875,1135.23,0.2877
1156,0.5,1289.0,0.0541,0.625,1217.76,0.20287499999999997
1157,0.5,1069.2,0.0898,1.0,971.6100000000001,0.33675
1158,0.75,845.0,0.09503333333333334,0.875,790.74,0.37965000000000004
1159,0.625,1298.5,0.0602,0.75,1198.5700000000002,0.22574999999999998
1160,0.875,1017.6,0.07520000000000002,0.625,940.9100000000001,0.27375
1161,0.5,1147.6,0.10010000000000001,0.625,1063.14,0.375375
1162,0.5,1271.7,0.06925,0.75,1182.93,0.25968749999999996
1163,1.0,765.0999999999999,0.092,1.0,740.17,0.345
1164,0.75,1323.3,0.06646666666666667,0.875,1224.7,0.24924999999999997
1165,0.5,1287.6,0.06905,0.875,1196.3600000000001,0.2589375
1166,0.25,2012.6,0.0504,0.5,1829.08,0.189
1167,0.75,1141.9,0.0639,0.625,1061.44,0.25012500000000004
1168,0.625,1445.1,0.043,0.75,1339.05,0.17149999999999999
1169,0.875,939.1999999999999,0.07062857142857143,0.875,890.79,0.264625
1170,0.5,1212.4,0.07015,0.75,1119.52,0.26306250000000003
1171,0.625,1361.0,0.05068,0.625,1267.75,0.205125
1172,0.625,1066.2,0.09088,0.75,979.8199999999999,0.316875
1173,0.75,675.3,0.1169,0.875,647.86,0.43837499999999996
1174,0.5,742.8000000000001,0.15430000000000002,1.0,680.6600000000001,0.578625
1175,0.5,1517.5,0.0236,0.875,1375.8,0.0885
1176,0.375,1215.5,0.1008,0.5,1120.17,0.37799999999999995
1177,0.75,882.8,0.09733333333333334,0.875,814.54,0.37170000000000003
1178,0.375,905.8000000000001,0.08693333333333335,0.75,833.59,0.326
1179,0.5,1391.6,0.053200000000000004,0.75,1272.72,0.165
1180,0.625,1016.1,0.09888000000000001,0.875,946.0600000000001,0.3774375
1181,0.375,1032.7,0.09466666666666668,1.0,951.2,0.355
1182,0.625,593.9,0.14784000000000003,0.875,565.06,0.5544
1183,0.625,1010.9,0.08368,0.75,938.6,0.31379999999999997
1184,0.625,1607.2,0.06468,0.625,1467.23,0.2375625
1185,0.625,1336.0,0.08168,0.75,1221.73,0.3075
1186,0.375,1095.1,0.09333333333333334,0.75,1010.2700000000001,0.35000000000000003
1187,0.75,1019.0,0.06110000000000001,0.625,949.44,0.22931250000000003
1188,0.75,784.6,0.08863333333333334,0.875,738.45,0.3231
1189,0.875,1031.4,0.05714285714285715,0.875,984.65,0.21428571428571427
1190,0.375,685.5,0.12846666666666667,0.875,524.6,0.48174999999999996
1191,0.75,1091.9,0.07036666666666667,0.875,1028.43,0.263875
1192,0.75,1281.6,0.059133333333333336,0.875,1194.96,0.2031
1193,0.5,1129.6,0.07725000000000001,0.75,1048.16,0.2896875
1194,0.375,1015.6,0.11993333333333334,0.875,926.35,0.4485
1195,0.75,1178.3,0.06286666666666667,0.625,1098.5,0.249
1196,0.5,1075.8,0.0869,0.75,986.72,0.34500000000000003
1197,0.625,678.6,0.14340000000000003,1.0,625.08,0.53775
1198,0.875,966.3000000000001,0.0616,0.875,921.67,0.21637499999999998
1199,0.875,665.3,0.1359142857142857,1.0,625.16,0.5096785714285714
